<?xml version="1.0" encoding="UTF-8"?>
<OrchestrationContext xmlns="http://soap.sforce.com/2006/04/metadata" xmlns:xsi="http://www.w3.org/2001/XMLSchema-instance">
    <events>
        <eventType>PlatformEvent</eventType>
        <orchestrationEvent xsi:nil="true"/>
        <platformEvent>Solar_Panel_Monitor__e</platformEvent>
        <platformEventPrimaryKey>Device_Id__c</platformEventPrimaryKey>
    </events>
    <masterLabel>Solar Panel Context</masterLabel>
    <runtimeType>Standard</runtimeType>
    <salesforceObject>Asset</salesforceObject>
    <salesforceObjectPrimaryKey>Solar_Panel_Serial_Number__c</salesforceObjectPrimaryKey>
</OrchestrationContext>
